{
  "model_name": "HDC (Torchhd, D=10000)",
  "config": {
    "dim": 10000,
    "levels": 100,
    "class_imbalance_strategy": "class-weighted bundling (analogue of class_weight=balanced)",
    "encoding": "thermometer for continuous, random hypervectors for categorical, position-bind-and-bundle",
    "n_features": 28,
    "n_continuous": 10,
    "n_categorical": 18,
    "random_seed": 42,
    "device": "cpu"
  },
  "variants": {
    "vanilla": {
      "description": "0 retraining passes \u2014 pure class-weighted prototypes",
      "training_time_seconds": 135.34958481788635,
      "single_split_8020": {
        "Accuracy": 0.6364,
        "AUC": 0.6359156986830646,
        "AUPRC": 0.036502365127682825,
        "F1_macro": 0.4142950286792469,
        "Default_F1": 0.05361790733992712,
        "Default_Precision": 0.02814207650273224,
        "Default_Recall": 0.5659340659340659
      },
      "cv_5fold": {
        "AUC_mean": 0.6589594049686256,
        "AUC_std": 0.01718007034489513,
        "AUC_min": 0.6378360893537101,
        "AUC_max": 0.6856858002457922,
        "F1_macro_mean": 0.41616416477798046,
        "F1_macro_std": 0.004384561863282084,
        "AUPRC_mean": 0.03642617998889221,
        "AUPRC_std": 0.003914929488541331,
        "fold_aucs": [
          0.6856858002457922,
          0.6614779089315656,
          0.6666450274109675,
          0.6378360893537101,
          0.6431521989010922
        ]
      }
    },
    "retrained": {
      "description": "3 retraining passes with damping=0.1",
      "training_time_seconds": 124.9025514125824,
      "single_split_8020": {
        "Accuracy": 0.9818,
        "AUC": 0.4110506269041612,
        "AUPRC": 0.016713186144552188,
        "F1_macro": 0.4954082147542638,
        "Default_F1": 0.0,
        "Default_Precision": 0.0,
        "Default_Recall": 0.0
      },
      "cv_5fold": {
        "AUC_mean": 0.4396041492335846,
        "AUC_std": 0.014708695204814671,
        "AUC_min": 0.42009042597247936,
        "AUC_max": 0.4609147473019952,
        "F1_macro_mean": 0.4954031222399049,
        "F1_macro_std": 1.0185028717679678e-05,
        "AUPRC_mean": 0.01613574999069028,
        "AUPRC_std": 0.0007628758818400645,
        "fold_aucs": [
          0.42909440834170925,
          0.45097449403316175,
          0.42009042597247936,
          0.4609147473019952,
          0.4369466705185774
        ]
      }
    }
  },
  "inference_timing_vanilla": {
    "single_loan_ms": 7.012920600072903,
    "batch_1000_ms": 2719.5742526000686,
    "batch_full_ms": 29834.08709480009,
    "batch_full_n": 10000,
    "throughput_loans_per_sec": 335.18706197458755
  },
  "thesis_table_rows": {
    "Table_5.1_vanilla": "| HDC (Torchhd, D=10000) | 0.636 | 0.636 | 0.037 | 0.414 | 0.054 | 0.028 | 0.566 |",
    "Table_5.2_vanilla": "| HDC (Torchhd, D=10000) | 0.6590 | 0.0172 | 0.6378 | 0.6857 |",
    "Table_5.3_vanilla": "| HDC (Torchhd) | 7.013 | 2719.5742526000686 | 29834.087 | ~335 |"
  }
}