fold,Logistic Regression,Decision Tree,Random Forest,XGBoost,LightGBM,MLP (neural net),Multi-agent: Majority Vote,Multi-agent: Mean Probability,Multi-agent: Weighted Vote,MOLOA (5 agents + LAR)
0,0.800506022801806,0.6760648192711749,0.7637564106295008,0.7406205019262668,0.7541312323854593,0.7444265858403156,0.7086457034511628,0.7345506907026566,0.7211927408505123,0.7413096935657539
1,0.8047475034641464,0.7166132400905267,0.7828377570687615,0.7561912522189564,0.753921368914239,0.739652891414961,0.7207777708134195,0.7407092042201026,0.7251191464880606,0.742664851953913
2,0.7926867896821044,0.712290332401353,0.771766479599032,0.7565589330205342,0.7467944054316024,0.737001896046508,0.717701172325332,0.774512053438515,0.7708632272189004,0.7642908629362082
3,0.7861418475596517,0.7135671417602565,0.7798940721124464,0.7705061794998646,0.7618474924952823,0.7322315594366929,0.7214711597223311,0.7699000937949807,0.757969775183057,0.7607315784643144
4,0.7800492176223803,0.6344828949001703,0.7522792791137934,0.7412640390178519,0.7449111082537205,0.7156296287637538,0.7162463797883787,0.7097819050370411,0.6746165205779424,0.6949954662120076
